steps,reward,success_rate,elapsed_s_this_run
10000,219.28344282742356,0.0,8.791231209004764
20000,233.9403749119728,0.0,19.377082709019305
30000,0.7480407401360487,0.0,30.29942612501327
40000,206.0023721561381,0.0,40.95895579201169
50000,294.1861655964846,0.0,51.929604000004474
60000,497.3586121101115,0.0,62.561371375020826
70000,445.219903815391,0.0,73.58758654200938
80000,488.64651426327134,0.0,84.59007958401344
90000,530.5180444824884,0.0,95.73541041702265
100000,604.8874684386786,0.0,107.22223725001095
110000,653.3203334048603,0.0,118.67435233399738
120000,722.3039549523063,1.0,130.4060076670139
130000,821.7948390367934,1.0,141.9327083750104
140000,814.3071340578075,1.0,151.41527970900643
150000,814.9125384717165,1.0,161.0522383339994
160000,843.7248342264463,1.0,170.68855204200372
170000,823.5574618992141,1.0,181.16284604201792
180000,849.8936733550454,1.0,191.43649941700278
190000,828.2188076266584,1.0,201.14731979201315
200000,839.0361515947958,1.0,210.960668292013
210000,830.3706723910861,1.0,220.61177383401082
220000,850.2390873303415,1.0,230.30867433402454
230000,828.5324225426388,1.0,239.93443758401554
240000,864.1066423889766,1.0,249.66200179202133
250000,728.2754035125008,1.0,260.25861891699606
260000,827.814423014623,1.0,270.0208879170241
270000,837.5065129277434,1.0,279.9656737089972
280000,739.0075657519828,0.0,289.81134070901317
290000,858.9062652248297,1.0,299.56190366699593
300000,882.8895382956401,1.0,309.39521620899905
